{
  "PPK": 115.420000,
  "NDIA.L": 33.124520,
  "IUIT.L": 187.454670,
  "NUKL.DE": 199.851212,
  "QUTM.DE": 114.043633,
  "ETFBS80TR": 479.250000,
  "AMZN": 900.497605,
  "CRWD": 2862.523151,
  "MSFT": 1399.172197,
  "PLW": 245.500000,
  "SFD": 2.570000,
  "CDR": 224.400000,
  "LPP": 18280.000000,
  "KRU": 422.200000,
  "ABS": 82.600000,
  "KLE": 7.460000,
  "KTY": 1206.000000,
  "ACN": 469.916486,
  "FAST": 180.792125,
  "GAW": 1079.227776,
  "RPI": 41.064285,
  "ROL": 157.416753,
  "CMP": 93.000000,
  "TOR": 67.200000,
  "FRO": 32.000000,
  "STNG": 258.747671,
  "HWBK": 145.183266,
  "SEK": 11.800000,
  "ARH": 51.200000,
  "COST": 3525.728739,
  "VRG": 5.400000,
  "ATRO": 306.928791,
  "UNP": 1023.886442,
  "ODL": 20.100000,
  "LBW": 11.990000,
  "UNT": 165.200000,
  "APE": 4.680000,
  "POL": 0.263905,
  "ETH": 5939.993570,
  "NEAR": 6.737829,
  "USDC": 3.764150,
  "LINK": 27.064239,
  "ADA": 1.481693,
  "SKL": 0.013001,
  "MINA": 0.141344,
  "AVAX": 24.466975,
  "API3": 0.808163,
  "SOL": 275.272290,
  "EGLD": 9.673866,
  "RUNE": 1.428495,
  "OP": 0.359853,
  "ARB": 0.286452,
  "MAGIC": 0.154932,
  "XSWAP": 0.023357,
  "BNB": 2053.624244,
  "JLP": 12.986318,
  "LAI": 0.000139,
  "STX": 0.608663,
  "EXD": 0.016562,
  "SOIL": 0.310166,
  "AZERO": 0.018290,
  "FOREX": 0.008857,
  "KAVA": 0.156702,
  "5IRE": 0.000107,
  "PLN": 1.000000,
  "BTC": 220831.683912,
  "ALGO": 0.310956,
  "XTB": 116.260000,
  "MBR": 378.000000,
  "OPN": 101.595204,
  "QRS": 13.700000
}
