{
  "PPK": 114.29,
  "NDIA.L": 31.122282,
  "IUIT.L": 180.23162,
  "NUKL.DE": 216.235925,
  "ETFBS80TR": 479.65,
  "AMZN": 963.731416,
  "CRWD": 2175.820103,
  "MSFT": 1559.109437,
  "PLW": 236.5,
  "SFD": 2.88,
  "CDR": 257.8,
  "LPP": 20460.0,
  "KRU": 426.1,
  "ABS": 91.6,
  "KLE": 7.44,
  "KTY": 1150.0,
  "ACN": 612.765588,
  "FAST": 157.218664,
  "GAW": 943.300599,
  "ROL": 195.610118,
  "FRO": 28.8,
  "POL": 0.331204,
  "ETH": 8138.749246,
  "NEAR": 5.698446,
  "USDC": 3.65285,
  "LINK": 36.930314,
  "ADA": 1.437882,
  "SKL": 0.024189,
  "MINA": 0.221838,
  "AVAX": 34.994303,
  "API3": 1.279228,
  "SOL": 327.806759,
  "EGLD": 15.305442,
  "RUNE": 1.901308,
  "OP": 0.502267,
  "ARB": 0.459163,
  "MAGIC": 0.241563,
  "XSWAP": 0.024956,
  "BNB": 2461.356509,
  "JLP": 14.574872,
  "LAI": 0.000135,
  "STX": 0.926728,
  "EXD": 0.016073,
  "SOIL": 0.304976,
  "AZERO": 0.060528,
  "FOREX": 0.003438,
  "KAVA": 0.218587,
  "5IRE": 0.000104,
  "PLN": 1,
  "BTC": 290083.265651,
  "ALGO": 0.414233,
  "STNG": 297.926446,
  "HWBK": 132.452341,
  "SEK": 10.65
}
