{
  "PPK": 199.4,
  "NDIA.L": 31.828151,
  "IUIT.L": 164.137664,
  "NUKL.DE": 225.727918,
  "ETFBS80TR": 478,
  "AMZN": 971.935399,
  "CRWD": 1649.849658,
  "MSFT": 1499.797490,
  "PLW": 244,
  "SFD": 2.8,
  "CDR": 275.6,
  "LPP": 21880,
  "KRU": 436.3,
  "ABS": 82.8,
  "KLE": 7.68,
  "KTY": 1107,
  "ACN": 651.155439,
  "FAST": 162.616865,
  "GAW": 967.527593,
  "ROL": 198.355641,
  "FRO": 28.6,
  "POL": 0.350979,
  "ETH": 8361.878664,
  "NEAR": 4.671026,
  "USDC": 3.62095,
  "LINK": 33.059274,
  "ADA": 1.425325,
  "SKL": 0.024789,
  "MINA": 0.215157,
  "AVAX": 33.023064,
  "API3": 1.376685,
  "SOL": 304.485686,
  "EGLD": 14.737267,
  "RUNE": 1.839081,
  "OP": 0.447549,
  "ARB": 0.442842,
  "MAGIC": 0.233877,
  "XSWAP": 0.024369,
  "BNB": 2238.234561,
  "JLP": 14.013077,
  "LAI": 0.000134,
  "STX": 0.816162,
  "EXD": 0.015932,
  "SOIL": 0.317485,
  "AZERO": 0.019314,
  "FOREX": 0.003489,
  "KAVA": 0.219864,
  "5IRE": 0.000104,
  "PLN": 1,
  "BTC": 284039.918906,
  "ALGO": 0.390701
}
