{
  "PPK": 116.33,
  "NDIA.L": 31.354128,
  "IUIT.L": 187.907031,
  "NUKL.DE": 218.59929,
  "ETFBS80TR": 500.6,
  "AMZN": 982.139028,
  "CRWD": 2652.76245,
  "MSFT": 1633.898448,
  "PLW": 245.0,
  "SFD": 2.65,
  "CDR": 232.6,
  "LPP": 22580.0,
  "KRU": 410.0,
  "ABS": 93.8,
  "KLE": 7.62,
  "KTY": 1208.0,
  "ACN": 678.867677,
  "FAST": 160.39959,
  "GAW": 975.100153,
  "RPI": 40.332135,
  "ROL": 172.73802,
  "CMP": 79.0,
  "FRO": 32.0,
  "STNG": 270.393065,
  "HWBK": 133.146176,
  "SEK": 11.55,
  "ARH": 52.2,
  "COST": 3470.437464,
  "VRG": 5.58,
  "ATRO": 315.71865,
  "UNP": 953.107428,
  "POL": 0.329618,
  "ETH": 7329.345316,
  "NEAR": 8.419164,
  "USDC": 3.62895,
  "LINK": 33.458919,
  "ADA": 1.428474,
  "SKL": 0.02111,
  "MINA": 0.201878,
  "AVAX": 32.733129,
  "API3": 1.128966,
  "SOL": 300.368192,
  "EGLD": 12.919062,
  "RUNE": 1.524159,
  "OP": 0.433297,
  "ARB": 0.373782,
  "MAGIC": 0.211531,
  "XSWAP": 0.023871,
  "BNB": 2632.66856,
  "JLP": 13.753721,
  "LAI": 0.000134,
  "STX": 0.864416,
  "EXD": 0.015967,
  "SOIL": 0.265748,
  "AZERO": 0.027112,
  "FOREX": 0.003388,
  "KAVA": 0.204419,
  "5IRE": 0.000104,
  "PLN": 1,
  "APE": 5.54,
  "BTC": 267751.696953,
  "ALGO": 0.476118,
  "ODL": 23.50,
  "LBW": 13.50,
  "UNT": 161.393537
}
