{
  "PPK": 112.92,
  "NDIA.L": 30.86197,
  "IUIT.L": 177.583406,
  "NUKL.DE": 229.936902,
  "ETFBS80TR": 480.05,
  "AMZN": 965.144572,
  "CRWD": 1983.081268,
  "MSFT": 1480.539471,
  "PLW": 237.5,
  "SFD": 2.8,
  "CDR": 257.1,
  "LPP": 20260,
  "KRU": 421.5,
  "ABS": 90.4,
  "KLE": 7.26,
  "KTY": 1115,
  "ACN": 616.404311,
  "FAST": 157.287122,
  "GAW": 952.47986,
  "ROL": 192.360844,
  "FRO": 28.8,
  "POL": 0.363445,
  "ETH": 8357.064203,
  "NEAR": 5.84562,
  "USDC": 3.63082,
  "LINK": 38.268843,
  "ADA": 1.42921,
  "SKL": 0.026585,
  "MINA": 0.246424,
  "AVAX": 36.235584,
  "API3": 1.414931,
  "SOL": 345.399907,
  "EGLD": 17.028546,
  "RUNE": 2.206812,
  "OP": 0.562051,
  "ARB": 0.507952,
  "MAGIC": 0.264578,
  "XSWAP": 0.024461,
  "BNB": 2457.301593,
  "JLP": 14.958978,
  "LAI": 0.000134,
  "STX": 1.046039,
  "EXD": 0.015976,
  "SOIL": 0.31196,
  "AZERO": 0.019712,
  "FOREX": 0.003502,
  "KAVA": 0.23771,
  "5IRE": 0.000104,
  "PLN": 1,
  "BTC": 294217.144765,
  "ALGO": 0.446591,
  "STNG": 303.209778,
  "HWBK": 131.72615
}
